mfcc_mean,mel_mean,chroma_mean,zcr_mean,rms_mean,f0_mean,label,file_path
-5.716207981109619,-46.43756866455078,0.20354300737380981,0.06715266719745223,0.22376833856105804,56.24116451525609,music,/Users/halam/Download/Do-an-2-1.1-main/data/processed/music/music_000.wav
-6.952181816101074,-54.01140213012695,0.16468989849090576,0.033050731488853506,0.17533186078071594,56.84042156428658,music,/Users/halam/Download/Do-an-2-1.1-main/data/processed/music/music_001.wav
-5.78854513168335,-54.278526306152344,0.08209182322025299,0.058603080214968156,0.17017222940921783,102.87739037408042,music,/Users/halam/Download/Do-an-2-1.1-main/data/processed/music/music_002.wav
-7.6410298347473145,-54.51726531982422,0.19414259493350983,0.04219434215764331,0.16522929072380066,40.64441279916592,music,/Users/halam/Download/Do-an-2-1.1-main/data/processed/music/music_003.wav
-6.018124103546143,-52.53911209106445,0.12358033657073975,0.0958617386544586,0.21097414195537567,725.3718178931055,music,/Users/halam/Download/Do-an-2-1.1-main/data/processed/music/music_004.wav
-4.574774265289307,-48.612884521484375,0.17823849618434906,0.04175893212579618,0.20758210122585297,153.37457787207484,music,/Users/halam/Download/Do-an-2-1.1-main/data/processed/music/music_005.wav
-5.330684185028076,-46.42974853515625,0.23906496167182922,0.054373382762738856,0.2222880721092224,126.05333891562901,music,/Users/halam/Download/Do-an-2-1.1-main/data/processed/music/music_006.wav
-4.51121187210083,-41.968807220458984,0.18780207633972168,0.09375311007165606,0.2083386480808258,128.46959395068598,music,/Users/halam/Download/Do-an-2-1.1-main/data/processed/music/music_007.wav
-5.197031021118164,-50.49370193481445,0.13015052676200867,0.0421632414410828,0.21252106130123138,66.73150919101985,music,/Users/halam/Download/Do-an-2-1.1-main/data/processed/music/music_008.wav
-7.682164192199707,-56.14904022216797,0.14811913669109344,0.053203995820063694,0.15665693581104279,61.88203813340604,music,/Users/halam/Download/Do-an-2-1.1-main/data/processed/music/music_009.wav
-4.154348850250244,-46.12738037109375,0.15139281749725342,0.0733945810111465,0.2052987962961197,59.384783368410204,music,/Users/halam/Download/Do-an-2-1.1-main/data/processed/music/music_010.wav
-2.2760932445526123,-41.16413879394531,0.17104904353618622,0.10478453423566879,0.28224819898605347,375.1524434784102,music,/Users/halam/Download/Do-an-2-1.1-main/data/processed/music/music_011.wav
-6.598465919494629,-53.51729202270508,0.14985273778438568,0.05240781747611465,0.20249468088150024,49.670515535804434,music,/Users/halam/Download/Do-an-2-1.1-main/data/processed/music/music_012.wav
-6.615481376647949,-54.5214729309082,0.1740904003381729,0.033828249402866245,0.19784316420555115,49.003927751022445,music,/Users/halam/Download/Do-an-2-1.1-main/data/processed/music/music_013.wav
-3.1858971118927,-40.808738708496094,0.2234116792678833,0.08082765226910828,0.2760038375854492,81.44118525926734,music,/Users/halam/Download/Do-an-2-1.1-main/data/processed/music/music_014.wav
-3.1491880416870117,-44.31640625,0.47177430987358093,0.2380853154856688,0.12426688522100449,42.00996194615218,noise,/Users/halam/Download/Do-an-2-1.1-main/data/processed/noise/noise_000.wav
-7.117244243621826,-38.259368896484375,0.4650917053222656,0.2775832255175159,0.12616899609565735,26.710302385509536,noise,/Users/halam/Download/Do-an-2-1.1-main/data/processed/noise/noise_001.wav
-9.59411907196045,-46.26691436767578,0.37550806999206543,0.2232844844745223,0.09349960833787918,14.698351747654797,noise,/Users/halam/Download/Do-an-2-1.1-main/data/processed/noise/noise_002.wav
-4.492485523223877,-40.37440490722656,0.42067691683769226,0.2844284932324841,0.17452645301818848,78.9113154614052,noise,/Users/halam/Download/Do-an-2-1.1-main/data/processed/noise/noise_003.wav
-7.790128231048584,-53.483367919921875,0.35984036326408386,0.21263248905254778,0.0907687395811081,8.363737018426809,noise,/Users/halam/Download/Do-an-2-1.1-main/data/processed/noise/noise_004.wav
-8.751283645629883,-37.838809967041016,0.47268080711364746,0.28361054438694266,0.05843740701675415,6.757791977754333,noise,/Users/halam/Download/Do-an-2-1.1-main/data/processed/noise/noise_005.wav
3.8959808349609375,-16.69019317626953,0.7847146987915039,0.45522740843949044,0.3327493965625763,66.55995272965306,noise,/Users/halam/Download/Do-an-2-1.1-main/data/processed/noise/noise_006.wav
-2.560436725616455,-18.51522445678711,0.6984876990318298,0.42240993232484075,0.10758019983768463,35.423646993264626,noise,/Users/halam/Download/Do-an-2-1.1-main/data/processed/noise/noise_007.wav
-2.8452529907226562,-36.58953857421875,0.5867334008216858,0.3480325686703822,0.17072996497154236,14.338525099200584,noise,/Users/halam/Download/Do-an-2-1.1-main/data/processed/noise/noise_008.wav
-0.3054146468639374,-24.813541412353516,0.5939279198646545,0.39855257265127386,0.2423797845840454,112.66084800852084,noise,/Users/halam/Download/Do-an-2-1.1-main/data/processed/noise/noise_009.wav
-3.9342968463897705,-31.538583755493164,0.5412646532058716,0.332093451433121,0.21092839539051056,22.53713236704538,noise,/Users/halam/Download/Do-an-2-1.1-main/data/processed/noise/noise_010.wav
-7.806731224060059,-45.494415283203125,0.3920212984085083,0.23006133061305734,0.17443811893463135,7.645283028866215,noise,/Users/halam/Download/Do-an-2-1.1-main/data/processed/noise/noise_011.wav
-7.014208793640137,-50.612945556640625,0.32371899485588074,0.20759106289808918,0.13492640852928162,51.52676334949426,noise,/Users/halam/Download/Do-an-2-1.1-main/data/processed/noise/noise_012.wav
-8.344237327575684,-44.85824966430664,0.39188316464424133,0.23578075238853502,0.13447099924087524,19.522685179677357,noise,/Users/halam/Download/Do-an-2-1.1-main/data/processed/noise/noise_013.wav
-6.050139427185059,-38.25046157836914,0.4653818607330322,0.2797416152468153,0.18929266929626465,6.954955125548641,noise,/Users/halam/Download/Do-an-2-1.1-main/data/processed/noise/noise_014.wav
-17.380678176879883,-41.57759475708008,0.4368475377559662,0.2630125398089172,0.0023261879105120897,4.576631233223208,silence,/Users/halam/Download/Do-an-2-1.1-main/data/processed/silence/silence_000.wav
-13.881158828735352,-18.536659240722656,0.673555850982666,0.40513037420382164,0.001134401303716004,29.427054010985263,silence,/Users/halam/Download/Do-an-2-1.1-main/data/processed/silence/silence_001.wav
-15.1641263961792,-36.21809768676758,0.495297908782959,0.294738380772293,0.00362596963532269,7.4273316192252885,silence,/Users/halam/Download/Do-an-2-1.1-main/data/processed/silence/silence_002.wav
-10.427327156066895,-10.734720230102539,0.7779538631439209,0.47134068968949044,0.0020656539127230644,9.353842844055874,silence,/Users/halam/Download/Do-an-2-1.1-main/data/processed/silence/silence_003.wav
-11.7308988571167,-18.802967071533203,0.6873337030410767,0.41491465963375795,0.002794295083731413,26.87453803146887,silence,/Users/halam/Download/Do-an-2-1.1-main/data/processed/silence/silence_004.wav
-10.257062911987305,-13.642245292663574,0.7416488528251648,0.45081421675955413,0.0029511763714253902,23.751602106018645,silence,/Users/halam/Download/Do-an-2-1.1-main/data/processed/silence/silence_005.wav
-14.107460021972656,-31.037761688232422,0.5575034618377686,0.3340341361464968,0.0031557814218103886,3.206109553033697,silence,/Users/halam/Download/Do-an-2-1.1-main/data/processed/silence/silence_006.wav
-19.478553771972656,-48.57258605957031,0.3543493151664734,0.20809178443471338,0.001909262384288013,3.659570202561278,silence,/Users/halam/Download/Do-an-2-1.1-main/data/processed/silence/silence_007.wav
-11.676769256591797,-24.787063598632812,0.6336550712585449,0.37952515425955413,0.004944835789501667,30.66338861209604,silence,/Users/halam/Download/Do-an-2-1.1-main/data/processed/silence/silence_008.wav
-8.099143028259277,-13.870704650878906,0.7574974894523621,0.4585271944665605,0.0063860113732516766,38.3447069019146,silence,/Users/halam/Download/Do-an-2-1.1-main/data/processed/silence/silence_009.wav
-17.299697875976562,-63.54667663574219,0.16264308989048004,0.07868170282643312,0.006467550527304411,110.0542127083402,speech,/Users/halam/Download/Do-an-2-1.1-main/data/processed/speech/G00002S1001.wav
-12.675148010253906,-56.44285583496094,0.28371182084083557,0.13424002289012738,0.04413004592061043,180.37923960223037,speech,/Users/halam/Download/Do-an-2-1.1-main/data/processed/speech/G00031S2195.wav
-14.800875663757324,-71.38851928710938,0.08040782809257507,0.03625099522292994,0.019628318026661873,72.44023389564721,speech,/Users/halam/Download/Do-an-2-1.1-main/data/processed/speech/G00031S5433.wav
-15.197441101074219,-62.97610092163086,0.1837329864501953,0.04629652667197452,0.007493872661143541,51.315636769379516,speech,/Users/halam/Download/Do-an-2-1.1-main/data/processed/speech/G10310S3264.wav
-13.513431549072266,-58.484928131103516,0.1911991387605667,0.07124863156847133,0.009021291509270668,114.46162928762168,speech,/Users/halam/Download/Do-an-2-1.1-main/data/processed/speech/G10310S6450.wav
-15.273277282714844,-63.45475387573242,0.1965763121843338,0.05684588972929936,0.02349896915256977,68.35571452030749,speech,/Users/halam/Download/Do-an-2-1.1-main/data/processed/speech/G10373S4429.wav
